Old Ranking,Code,Name,Year,IMDB_Rating,My Rating,Lower Bound,Upper Bound,New Ranking,Change Ranking
0,tt0111161,The Shawshank Redemption,1994,9.3,9.5,9.5,9.5,0,0
48,tt0095327,Grave of the Fireflies,1988,8.5,9.5,9.4,9.6,1,-47
134,tt4729430,Klaus,2019,8.2,9.5,9.4,9.6,2,-132
17,tt0080684,Star Wars: Episode V - The Empire Strikes Back,1980,8.7,9.5,9.4,9.6,3,-14
49,tt0088763,Back to the Future,1985,8.5,9.4,9.3,9.5,4,-45
752,tt0388795,Brokeback Mountain,2005,7.7,9.3,9.3,9.4,5,-747
52,tt0054215,Psycho,1960,8.5,9.3,9.3,9.4,6,-46
7,tt0050083,12 Angry Men,1957,8.9,9.4,9.3,9.5,7,0
63,tt3417422,Drishyam,2013,8.4,9.6,9.3,9.8,8,-55
108,tt0082096,Das Boot,1981,8.3,9.4,9.3,9.5,9,-99
380,tt0129167,The Iron Giant,1999,8,9.3,9.2,9.4,10,-370
47,tt0095765,Cinema Paradiso,1988,8.5,9.3,9.2,9.5,11,-36
64,tt2380307,Coco,2017,8.4,9.3,9.2,9.4,12,-52
68,tt0986264,Taare Zameen Par,2007,8.4,9.3,9.2,9.5,13,-55
45,tt0110357,The Lion King,1994,8.5,9.3,9.2,9.4,14,-31
46,tt0103064,Terminator 2: Judgment Day,1991,8.5,9.3,9.2,9.3,15,-31
449,tt0032138,The Wizard of Oz,1939,8,9.3,9.2,9.4,16,-433
393,tt0101414,Beauty and the Beast,1991,8,9.3,9.2,9.4,17,-376
12,tt0060196,"The Good, the Bad and the Ugly",1966,8.8,9.4,9.2,9.4,18,6
407,tt0073195,Jaws,1975,8,9.3,9.2,9.4,19,-388
3,tt0071562,The Godfather: Part II,1974,9,9.4,9.2,9.5,20,17
4,tt0167260,The Lord of the Rings: The Return of the King,2003,8.9,9.2,9.2,9.3,21,17
6,tt0108052,Schindler's List,1993,8.9,9.3,9.2,9.3,22,16
445,tt0036868,The Best Years of Our Lives,1946,8,9.3,9.2,9.5,23,-422
1,tt0068646,The Godfather,1972,9.2,9.2,9.2,9.3,24,23
58,tt8267604,CapharnaÃ¼m,2018,8.4,9.3,9.1,9.4,25,-33
829,tt0060665,A Man for All Seasons,1966,7.7,9.3,9.1,9.4,26,-803
53,tt0034583,Casablanca,1942,8.5,9.2,9.1,9.3,27,-26
56,tt0021749,City Lights,1931,8.5,9.3,9.1,9.4,28,-28
168,tt0095016,Die Hard,1988,8.2,9.2,9.1,9.3,29,-139
59,tt8108198,Andhadhun,2018,8.4,9.2,9.1,9.4,30,-29
388,tt0107048,Groundhog Day,1993,8,9.2,9.1,9.3,31,-357
70,tt0405094,The Lives of Others,2006,8.4,9.2,9.1,9.3,32,-38
75,tt0082971,Raiders of the Lost Ark,1981,8.4,9.3,9.1,9.4,33,-42
89,tt0435761,Toy Story 3,2010,8.3,9.2,9.1,9.3,34,-55
99,tt0114709,Toy Story,1995,8.3,9.2,9.1,9.3,35,-64
156,tt0363163,Downfall,2004,8.2,9.2,9.1,9.3,36,-120
500,tt0120363,Toy Story 2,1999,7.9,9.3,9.1,9.4,37,-463
16,tt0099685,Goodfellas,1990,8.7,9.2,9.1,9.4,38,22
31,tt0047478,Seven Samurai,1954,8.6,9.3,9.1,9.4,39,8
83,tt0043014,Sunset Blvd.,1950,8.4,9.1,9,9.2,40,-43
233,tt0386064,Tae Guk Gi: The Brotherhood of War,2004,8.1,9.2,9,9.3,41,-192
379,tt0140888,Central Station,1998,8,9.2,9,9.3,42,-337
104,tt0090605,Aliens,1986,8.3,9.1,9,9.2,43,-61
271,tt0080678,The Elephant Man,1980,8.1,9.1,9,9.2,44,-227
103,tt0091251,Come and See,1985,8.3,9.1,9,9.2,45,-58
81,tt0050825,Paths of Glory,1957,8.4,9.2,9,9.4,46,-35
29,tt0102926,The Silence of the Lambs,1991,8.6,9.1,9,9.2,47,18
24,tt0245429,Spirited Away,2001,8.6,9.1,9,9.2,48,24
30,tt0076759,Star Wars: Episode IV - A New Hope,1977,8.6,9,9,9.1,49,19
224,tt1028532,Hachi: A Dog's Tale,2009,8.1,9.1,9,9.3,50,-174
274,tt0075148,Rocky,1976,8.1,9.1,9,9.2,51,-223
815,tt0081283,Ordinary People,1980,7.7,9.2,9,9.4,52,-763
73,tt0119698,Princess Mononoke,1997,8.4,9.2,9,9.3,53,-20
135,tt4430212,Drishyam,2015,8.2,9.2,9,9.5,54,-81
314,tt3863552,Bajrangi Bhaijaan,2015,8,9.2,9,9.3,55,-259
551,tt0029843,The Adventures of Robin Hood,1938,7.9,9.2,9,9.3,56,-495
44,tt0110413,LÃ©on: The Professional,1994,8.5,9.1,9,9.2,57,13
262,tt0092005,Stand by Me,1986,8.1,9.2,9,9.3,58,-204
369,tt0293715,My Sassy Girl,2001,8,9.3,9,9.5,59,-310
78,tt0078748,Alien,1979,8.4,9.1,9,9.2,60,-18
400,tt0088247,The Terminator,1984,8,9.1,9,9.2,61,-339
385,tt0113824,Whisper of the Heart,1995,8,9.2,8.9,9.4,62,-323
97,tt0118849,Children of Heaven,1997,8.3,9.1,8.9,9.3,63,-34
105,tt0086879,Amadeus,1984,8.3,9.1,8.9,9.2,64,-41
440,tt0041546,Kind Hearts and Coronets,1949,8,9.1,8.9,9.3,65,-375
167,tt0096283,My Neighbor Totoro,1988,8.2,9.1,8.9,9.3,66,-101
541,tt0039628,Miracle on 34th Street,1947,7.9,9.1,8.9,9.3,67,-474
656,tt0097441,Glory,1989,7.8,9,8.9,9.2,68,-588
122,tt0036775,Double Indemnity,1944,8.3,9,8.9,9.2,69,-53
124,tt0022100,M,1931,8.3,9.1,8.9,9.3,70,-54
660,tt0093773,Predator,1987,7.8,9,8.9,9.1,71,-589
272,tt0079470,Monty Python's Life of Brian,1979,8.1,9.1,8.9,9.3,72,-200
19,tt0056058,Harakiri,1962,8.7,9.1,8.9,9.3,73,54
9,tt0137523,Fight Club,1999,8.8,9,8.9,9.1,74,65
18,tt0073486,One Flew Over the Cuckoo's Nest,1975,8.7,9,8.9,9.2,75,57
140,tt2283748,OMG: Oh My God!,2012,8.2,9.2,8.9,9.4,76,-64
155,tt0367110,Swades,2004,8.2,9.1,8.9,9.3,77,-78
508,tt0099487,Edward Scissorhands,1990,7.9,9,8.9,9.1,78,-430
675,tt0073341,The Man Who Would Be King,1975,7.8,9.1,8.9,9.3,79,-596
161,tt0119488,L.A. Confidential,1997,8.2,9.1,8.9,9.2,80,-81
174,tt0071853,Monty Python and the Holy Grail,1975,8.2,9,8.9,9.2,81,-93
50,tt0064116,Once Upon a Time in the West,1968,8.5,9.1,8.9,9.2,82,32
32,tt0038650,It's a Wonderful Life,1946,8.6,9,8.9,9.2,83,51
257,tt0107290,Jurassic Park,1993,8.1,9,8.9,9.1,84,-173
55,tt0027977,Modern Times,1936,8.5,9.1,8.9,9.3,85,30
373,tt0198781,"Monsters, Inc.",2001,8,9.1,8.9,9.3,86,-287
399,tt0092067,Castle in the Sky,1986,8,9.1,8.9,9.3,87,-312
60,tt5311514,Your Name.,2016,8.4,9,8.9,9.2,88,28
23,tt0317248,City of God,2002,8.6,9.1,8.9,9.2,89,66
750,tt0398286,Tangled,2010,7.7,9,8.9,9.1,90,-660
292,tt0052618,Ben-Hur,1959,8.1,9.1,8.9,9.3,91,-201
37,tt1675434,The Intouchables,2011,8.5,9.1,8.9,9.2,92,55
62,tt4633694,Spider-Man: Into the Spider-Verse,2018,8.4,8.9,8.8,9,93,31
994,tt0029583,Snow White and the Seven Dwarfs,1937,7.6,9,8.8,9.2,94,-900
230,tt0456144,Lage Raho Munna Bhai,2006,8.1,9.1,8.8,9.3,95,-135
450,tt0020629,All Quiet on the Western Front,1930,8,9,8.8,9.2,96,-354
773,tt0248845,Hedwig and the Angry Inch,2001,7.7,9.1,8.8,9.4,97,-676
115,tt0056172,Lawrence of Arabia,1962,8.3,9,8.8,9.2,98,-17
992,tt0046303,Shane,1953,7.6,9,8.8,9.1,99,-893
119,tt0045152,Singin' in the Rain,1952,8.3,9,8.8,9.2,100,-19
232,tt0395169,Hotel Rwanda,2004,8.1,8.9,8.8,9,101,-131
189,tt0040897,The Treasure of the Sierra Madre,1948,8.2,9,8.8,9.2,102,-87
57,tt8291224,Uri: The Surgical Strike,2019,8.4,9,8.8,9.2,103,46
226,tt0892769,How to Train Your Dragon,2010,8.1,8.9,8.8,9,104,-122
633,tt0132477,October Sky,1999,7.8,8.9,8.8,9,105,-528
130,tt5323662,A Silent Voice: The Movie,2016,8.2,9,8.8,9.2,106,-24
120,tt0044741,Ikiru,1952,8.3,9.1,8.8,9.3,107,-13
303,tt0031679,Mr. Smith Goes to Washington,1939,8.1,9,8.8,9.2,108,-195
20,tt7286456,Joker,2019,8.6,8.9,8.8,8.9,109,89
195,tt4857264,The Invisible Guest,2016,8.1,9,8.8,9.2,110,-85
175,tt0071315,Chinatown,1974,8.2,9,8.8,9.2,111,-64
86,tt1832382,A Separation,2011,8.3,9,8.8,9.1,112,26
79,tt0057012,Dr. Strangelove or: How I Learned to Stop Worrying and Love the Bomb,1964,8.4,9,8.8,9.1,113,34
88,tt0476735,Babam ve Oglum,2005,8.3,9.1,8.8,9.4,114,26
261,tt0093779,The Princess Bride,1987,8.1,9,8.8,9.1,115,-146
950,tt0109506,The Crow,1994,7.6,9,8.8,9.1,116,-834
179,tt0055031,Judgment at Nuremberg,1961,8.2,9,8.8,9.3,117,-62
364,tt0347304,Kal Ho Naa Ho,2003,8,9,8.8,9.2,118,-246
180,tt0053291,Some Like It Hot,1959,8.2,9,8.8,9.2,119,-61
143,tt1620933,Paan Singh Tomar,2012,8.2,9,8.8,9.2,120,-23
677,tt0069947,The Day of the Jackal,1973,7.8,8.9,8.8,9.1,121,-556
266,tt0084787,The Thing,1982,8.1,9,8.8,9.1,122,-144
415,tt0067093,Fiddler on the Roof,1971,8,9.1,8.8,9.3,123,-292
965,tt0093748,"Planes, Trains & Automobiles",1987,7.6,8.9,8.8,9,124,-841
765,tt0308644,Finding Neverland,2004,7.7,8.9,8.8,9,125,-640
840,tt0043456,The Day the Earth Stood Still,1951,7.7,9,8.8,9.1,126,-714
51,tt0057565,High and Low,1963,8.5,9.1,8.8,9.3,127,76
510,tt0097814,Kiki's Delivery Service,1989,7.9,9,8.7,9.3,128,-382
748,tt0424205,Joyeux Noel,2005,7.7,8.9,8.7,9.1,129,-619
301,tt0033045,The Shop Around the Corner,1940,8.1,8.9,8.7,9.1,130,-171
300,tt0041959,The Third Man,1949,8.1,8.9,8.7,9.1,131,-169
304,tt0031381,Gone with the Wind,1939,8.1,8.9,8.7,9,132,-172
159,tt0242519,Hera Pheri,2000,8.2,9.3,8.7,9.7,133,-26
518,tt0080455,The Blues Brothers,1980,7.9,8.9,8.7,9,134,-384
777,tt0158983,"South Park: Bigger, Longer & Uncut",1999,7.7,8.8,8.7,8.9,135,-642
188,tt0042041,White Heat,1949,8.2,8.9,8.7,9,136,-52
162,tt0113277,Heat,1995,8.2,8.9,8.7,9,137,-25
187,tt0042192,All About Eve,1950,8.2,9,8.7,9.2,138,-49
772,tt0249462,Billy Elliot,2000,7.7,8.8,8.7,9,139,-633
212,tt1865505,Song of the Sea,2014,8.1,8.9,8.7,9.2,140,-72
754,tt0373074,Kung Fu Hustle,2004,7.7,8.8,8.7,8.9,141,-613
169,tt0089881,Ran,1985,8.2,8.9,8.7,9.2,142,-27
181,tt0050986,Wild Strawberries,1957,8.2,9,8.7,9.2,143,-38
307,tt0019254,The Passion of Joan of Arc,1928,8.1,9.1,8.7,9.4,144,-163
687,tt0058331,Mary Poppins,1964,7.8,8.9,8.7,9.1,145,-542
206,tt2140203,Ookami kodomo no Ame to Yuki,2012,8.1,9,8.7,9.3,146,-60
674,tt0077651,Halloween,1978,7.8,8.8,8.7,9,147,-527
295,tt0050783,Nights of Cabiria,1957,8.1,9,8.7,9.3,148,-147
553,tt0024216,King Kong,1933,7.9,8.9,8.7,9,149,-404
434,tt0047528,La Strada,1954,8,9,8.7,9.2,150,-284
971,tt0084649,The Secret of NIMH,1982,7.6,9,8.7,9.3,151,-820
637,tt0119250,Fireworks,1997,7.8,9,8.7,9.2,152,-485
961,tt0097757,The Little Mermaid,1989,7.6,8.9,8.7,9.1,153,-808
640,tt0109707,Ed Wood,1994,7.8,8.8,8.7,9,154,-486
26,tt0120689,The Green Mile,1999,8.6,8.8,8.7,9,155,129
15,tt0133093,The Matrix,1999,8.7,8.8,8.7,8.8,156,141
85,tt1950186,Ford v Ferrari,2019,8.3,8.8,8.7,9,157,72
614,tt0412080,The World's Fastest Indian,2005,7.8,8.8,8.7,9,158,-456
503,tt0110729,Once Were Warriors,1994,7.9,8.8,8.7,9,159,-344
54,tt0032553,The Great Dictator,1940,8.5,8.9,8.7,9.1,160,106
14,tt0167261,The Lord of the Rings: The Two Towers,2002,8.7,8.9,8.7,9,161,147
11,tt0109830,Forrest Gump,1994,8.8,8.8,8.7,8.9,162,151
418,tt0063442,Planet of the Apes,1968,8,8.8,8.7,9,163,-255
391,tt0103639,Aladdin,1992,8,8.8,8.7,9,164,-227
831,tt0058777,Zulu,1964,7.7,8.9,8.7,9.1,165,-666
437,tt0046250,Roman Holiday,1953,8,8.9,8.7,9.1,166,-271
42,tt0120586,American History X,1998,8.5,8.9,8.7,9,167,125
326,tt2265171,The Raid 2,2014,8,8.9,8.7,9.1,168,-158
255,tt0111495,Three Colors: Red,1994,8.1,9,8.7,9.3,169,-86
278,tt0070510,Paper Moon,1973,8.1,8.9,8.7,9.1,170,-108
40,tt0253474,The Pianist,2002,8.5,8.9,8.7,9,171,131
332,tt1727824,Bohemian Rhapsody,2018,8,8.8,8.7,8.8,172,-160
813,tt0084726,Star Trek II: The Wrath of Khan,1982,7.7,8.9,8.7,9,173,-640
387,tt0107688,The Nightmare Before Christmas,1993,8,8.9,8.7,9.1,174,-213
816,tt0080339,Airplane!,1980,7.7,8.9,8.7,9.1,175,-641
127,tt7838252,K.G.F: Chapter 1,2018,8.2,8.8,8.7,9,176,49
10,tt0120737,The Lord of the Rings: The Fellowship of the Ring,2001,8.8,8.8,8.7,8.8,177,167
298,tt0047296,On the Waterfront,1954,8.1,8.9,8.7,9.1,178,-120
116,tt0053604,The Apartment,1960,8.3,8.9,8.7,9.1,179,63
251,tt0114787,Underground,1995,8.1,9,8.6,9.3,180,-71
249,tt0117951,Trainspotting,1996,8.1,8.7,8.6,8.9,181,-68
201,tt3011894,Relatos salvajes,2014,8.1,8.7,8.6,8.9,182,-19
522,tt0077402,Dawn of the Dead,1978,7.9,8.8,8.6,9,183,-339
691,tt0045061,The Quiet Man,1952,7.8,8.9,8.6,9.1,184,-507
696,tt0026138,Bride of Frankenstein,1935,7.8,8.8,8.6,9,185,-511
245,tt0120382,The Truman Show,1998,8.1,8.7,8.6,8.8,186,-59
641,tt0108550,What's Eating Gilbert Grape,1993,7.8,8.8,8.6,9,187,-454
260,tt0097165,Dead Poets Society,1989,8.1,8.8,8.6,9,188,-72
643,tt0108037,The Sandlot,1993,7.8,8.8,8.6,9,189,-454
648,tt0106364,Batman: Mask of the Phantasm,1993,7.8,8.9,8.6,9.1,190,-458
265,tt0087544,NausicaÃ¤ of the Valley of the Wind,1984,8.1,8.9,8.6,9.1,191,-74
235,tt0353969,Memories of Murder,2003,8.1,8.7,8.6,8.9,192,-43
655,tt0099077,Awakenings,1990,7.8,8.9,8.6,9.1,193,-462
275,tt0074958,Network,1976,8.1,8.8,8.6,9,194,-81
214,tt1639426,Udaan,2010,8.1,8.9,8.6,9.1,195,-19
562,tt4468740,Paddington 2,2017,7.8,8.7,8.6,8.9,196,-366
680,tt0067992,Willy Wonka & the Chocolate Factory,1971,7.8,8.8,8.6,9,197,-483
804,tt0096438,Who Framed Roger Rabbit,1988,7.7,8.8,8.6,9,198,-606
126,tt0012349,The Kid,1921,8.3,8.8,8.6,9,199,73
953,tt0104952,My Cousin Vinny,1992,7.6,8.8,8.6,9,200,-753
128,tt6966692,Green Book,2018,8.2,8.7,8.6,8.8,201,73
125,tt0017136,Metropolis,1927,8.3,8.7,8.6,8.9,202,77
121,tt0040522,Bicycle Thieves,1948,8.3,8.8,8.6,9.1,203,82
117,tt0053125,North by Northwest,1959,8.3,8.8,8.6,9,204,87
2,tt0468569,The Dark Knight,2008,9,8.7,8.6,8.8,205,203
109,tt0075314,Taxi Driver,1976,8.3,8.7,8.6,8.9,206,97
408,tt0072890,Dog Day Afternoon,1975,8,8.8,8.6,9,207,-201
943,tt0114388,Sense and Sensibility,1995,7.6,8.8,8.6,9,208,-735
84,tt2106476,The Hunt,2012,8.3,8.7,8.6,8.9,209,125
339,tt1327035,Dev.D,2009,8,8.9,8.6,9.1,210,-129
82,tt0047396,Rear Window,1954,8.4,8.8,8.6,8.9,211,129
80,tt0051201,Witness for the Prosecution,1957,8.4,8.8,8.6,9,212,132
398,tt0092593,Au Revoir les Enfants,1987,8,8.9,8.6,9.2,213,-185
963,tt0095705,The Naked Gun: From the Files of Police Squad!,1988,7.6,8.8,8.6,9,214,-749
376,tt0166896,The Straight Story,1999,8,8.8,8.6,9,215,-161
975,tt0079588,The Muppet Movie,1979,7.6,8.9,8.6,9.1,216,-759
61,tt5074352,Dangal,2016,8.4,8.8,8.6,9,217,156
988,tt0058182,A Hard Day's Night,1964,7.6,8.8,8.6,9,218,-770
819,tt0071230,Blazing Saddles,1974,7.7,8.8,8.6,8.9,219,-600
252,tt0113247,La Haine,1995,8.1,8.9,8.6,9.2,220,-32
315,tt3848892,Baby,2015,8,8.8,8.6,9.1,221,-94
166,tt0097576,Indiana Jones and the Last Crusade,1989,8.2,8.8,8.6,8.9,222,56
144,tt1305806,The Secret in Their Eyes,2009,8.2,8.8,8.6,9,223,79
5,tt0110912,Pulp Fiction,1994,8.9,8.7,8.6,8.8,224,219
308,tt0018455,Sunrise,1927,8.1,8.8,8.6,9.1,225,-83
185,tt0043338,Ace in the Hole,1951,8.2,8.8,8.6,9,226,41
763,tt0318411,The Magdalene Sisters,2002,7.7,8.9,8.6,9.1,227,-536
507,tt0106519,Carlito's Way,1993,7.9,8.8,8.6,8.9,228,-279
154,tt0372784,Batman Begins,2005,8.2,8.7,8.6,8.7,229,75
173,tt0073707,Sholay,1975,8.2,9,8.6,9.3,230,57
178,tt0055630,Yojimbo,1961,8.2,8.9,8.6,9.2,231,53
306,tt0025316,It Happened One Night,1934,8.1,8.7,8.5,9,232,-74
517,tt0088258,This Is Spinal Tap,1984,7.9,8.8,8.5,9,233,-284
484,tt0401085,C.R.A.Z.Y.,2005,7.9,8.8,8.5,9.1,234,-250
531,tt0063227,The Lion in Winter,1968,7.9,8.8,8.5,9.1,235,-296
618,tt0358273,Walk the Line,2005,7.8,8.6,8.5,8.7,236,-382
540,tt0042546,Harvey,1950,7.9,8.8,8.5,9.1,237,-303
382,tt0117666,Sling Blade,1996,8,8.8,8.5,8.9,238,-144
533,tt0056218,The Manchurian Candidate,1962,7.9,8.7,8.5,9,239,-294
366,tt0325980,Pirates of the Caribbean: The Curse of the Black Pearl,2003,8,8.7,8.5,8.8,240,-126
368,tt0317705,The Incredibles,2004,8,8.7,8.5,8.9,241,-127
335,tt1555149,Elite Squad: The Enemy Within,2010,8,8.8,8.5,9.1,242,-93
363,tt0352248,Cinderella Man,2005,8,8.6,8.5,8.8,243,-120
406,tt0074119,All the President's Men,1976,8,8.6,8.5,8.8,244,-162
422,tt0059742,The Sound of Music,1965,8,8.8,8.5,9,245,-177
512,tt0097123,Crimes and Misdemeanors,1989,7.9,8.8,8.5,9,246,-266
426,tt0054997,The Hustler,1961,8,8.7,8.5,8.9,247,-179
506,tt0107692,Ninja Scroll,1993,7.9,8.8,8.5,9.1,248,-258
294,tt0051036,Sweet Smell of Success,1957,8.1,8.8,8.5,9,249,-45
321,tt2584384,Jojo Rabbit,2019,8,8.7,8.5,8.9,250,-71
504,tt0108399,True Romance,1993,7.9,8.7,8.5,8.9,251,-253
299,tt0046268,The Wages of Fear,1953,8.1,8.8,8.5,9.1,252,-47
999,tt0091064,The Fly,1986,7.5,8.7,8.5,8.9,253,-746
796,tt0104940,The Muppet Christmas Carol,1992,7.7,8.8,8.5,9,254,-542
661,tt0092991,Evil Dead II,1987,7.8,8.7,8.5,8.8,255,-406
798,tt0104691,The Last of the Mohicans,1992,7.7,8.7,8.5,8.9,256,-542
172,tt0074896,The Message,1976,8.2,8.9,8.5,9.2,257,85
176,tt0060107,Andrei Rublev,1966,8.2,8.9,8.5,9.2,258,82
177,tt0057115,The Great Escape,1963,8.2,8.8,8.5,9,259,82
801,tt0101921,Fried Green Tomatoes,1991,7.7,8.8,8.5,9.1,260,-541
190,tt0040725,The Red Shoes,1948,8.2,8.8,8.5,9,261,71
191,tt0015864,The Gold Rush,1925,8.2,8.9,8.5,9.2,262,71
694,tt0032455,Fantasia,1940,7.8,8.7,8.5,8.9,263,-431
821,tt0070034,Enter the Dragon,1973,7.7,8.7,8.5,8.9,264,-557
210,tt1979320,Rush,2013,8.1,8.7,8.5,8.8,265,55
213,tt1821480,Kahaani,2012,8.1,8.8,8.5,9,266,53
844,tt0024184,The Invisible Man,1933,7.7,8.7,8.5,8.9,267,-577
778,tt0151804,Office Space,1999,7.7,8.7,8.5,8.8,268,-510
238,tt0266543,Finding Nemo,2003,8.1,8.7,8.5,8.8,269,31
28,tt0114369,Se7en,1995,8.6,8.6,8.5,8.8,270,242
960,tt0097958,National Lampoon's Christmas Vacation,1989,7.6,8.7,8.5,8.9,271,-689
77,tt0078788,Apocalypse Now,1979,8.4,8.7,8.5,8.8,272,195
973,tt0082694,The Road Warrior,1981,7.6,8.7,8.5,8.8,273,-700
69,tt0910970,WALLÂ·E,2008,8.4,8.6,8.5,8.8,274,205
947,tt0112384,Apollo 13,1995,7.6,8.7,8.5,8.9,275,-672
644,tt0107943,The Remains of the Day,1993,7.8,8.8,8.5,9,276,-368
41,tt0172495,Gladiator,2000,8.5,8.6,8.5,8.7,277,236
27,tt0118799,Life Is Beautiful,1997,8.6,8.6,8.4,8.8,278,251
378,tt0154420,The Celebration,1998,8,8.7,8.4,8.9,279,-99
977,tt0078480,Watership Down,1978,7.6,8.7,8.4,8.9,280,-697
799,tt0104348,Glengarry Glen Ross,1992,7.7,8.6,8.4,8.8,281,-518
501,tt0118749,Boogie Nights,1997,7.9,8.5,8.4,8.7,282,-219
802,tt0101507,Boyz n the Hood,1991,7.7,8.6,8.4,8.9,283,-519
253,tt0112870,Dilwale Dulhania Le Jayenge,1995,8.1,8.8,8.4,9.1,284,31
781,tt0130827,Run Lola Run,1998,7.7,8.6,8.4,8.8,285,-496
498,tt0181875,Almost Famous,2000,7.9,8.6,8.4,8.7,286,-212
496,tt0247586,Nine Queens,2000,7.9,8.7,8.4,8.9,287,-209
806,tt0094336,Withnail & I,1987,7.7,8.7,8.4,9.1,288,-518
137,tt2991224,Tangerines,2013,8.2,8.7,8.4,9,289,152
336,tt1504320,The King's Speech,2010,8,8.5,8.4,8.7,290,-46
814,tt0083944,First Blood,1982,7.7,8.6,8.4,8.7,291,-523
367,tt0319061,Big Fish,2003,8,8.6,8.4,8.7,292,-75
448,tt0032551,The Grapes of Wrath,1940,8,8.7,8.4,8.9,293,-155
411,tt0070047,The Exorcist,1973,8,8.5,8.4,8.7,294,-117
905,tt0419677,Dead Man's Shoes,2004,7.6,8.6,8.4,8.9,295,-610
92,tt0211915,AmÃ©lie,2001,8.3,8.6,8.4,8.7,296,204
402,tt0083987,Gandhi,1982,8,8.6,8.4,8.9,297,-105
403,tt0080979,Kagemusha,1980,8,8.7,8.4,9,298,-105
882,tt1078188,Boy A,2007,7.6,8.7,8.4,9,299,-583
356,tt0382932,Ratatouille,2007,8,8.6,8.4,8.8,300,-56
409,tt0072431,Young Frankenstein,1974,8,8.6,8.4,8.8,301,-108
419,tt0061811,In the Heat of the Night,1967,8,8.6,8.4,8.9,302,-117
365,tt0338564,Infernal Affairs,2002,8,8.7,8.4,8.9,303,-62
837,tt0049366,Invasion of the Body Snatchers,1956,7.7,8.6,8.4,8.8,304,-533
832,tt0058150,Goldfinger,1964,7.7,8.6,8.4,8.7,305,-527
313,tt4387040,Airlift,2016,8,8.7,8.4,9.1,306,-7
435,tt0046911,Diabolique,1955,8,8.7,8.4,9,307,-128
114,tt0056592,To Kill a Mockingbird,1962,8.3,8.6,8.4,8.9,308,194
343,tt1171701,Nefes: Vatan Sagolsun,2009,8,8.8,8.4,9.2,309,-34
443,tt0037558,Brief Encounter,1945,8,8.6,8.4,8.8,310,-133
113,tt0059578,For a Few Dollars More,1965,8.3,8.6,8.4,8.8,311,198
622,tt0300140,Lilya 4-Ever,2002,7.8,8.7,8.4,9,312,-310
163,tt0112641,Casino,1995,8.2,8.6,8.4,8.7,313,150
523,tt0075029,The Outlaw Josey Wales,1976,7.9,8.7,8.4,8.9,314,-209
544,tt0037884,The Lost Weekend,1945,7.9,8.6,8.4,8.9,315,-229
547,tt0032904,The Philadelphia Story,1940,7.9,8.7,8.4,9,316,-231
552,tt0026778,A Night at the Opera,1935,7.9,8.7,8.4,8.9,317,-235
669,tt0087332,Ghostbusters,1984,7.8,8.5,8.4,8.7,318,-351
276,tt0072684,Barry Lyndon,1975,8.1,8.7,8.4,8.9,319,43
223,tt1069238,Departures,2008,8.1,8.6,8.4,8.9,320,97
576,tt2194499,About Time,2013,7.8,8.5,8.4,8.7,321,-255
582,tt1646971,How to Train Your Dragon 2,2014,7.8,8.6,8.4,8.8,322,-260
599,tt0880502,The Edge of Heaven,2007,7.8,8.7,8.4,9,323,-276
653,tt0100157,Misery,1990,7.8,8.6,8.4,8.8,324,-329
263,tt0091763,Platoon,1986,8.1,8.6,8.4,8.8,325,62
642,tt0108358,Tombstone,1993,7.8,8.7,8.4,8.9,326,-316
616,tt0379786,Serenity,2005,7.8,8.5,8.4,8.6,327,-289
246,tt0118843,"Crna macka, beli macor",1998,8.1,8.7,8.4,9.1,328,82
638,tt0119177,Gattaca,1997,7.8,8.6,8.4,8.7,329,-309
528,tt0066206,Patton,1970,7.9,8.7,8.4,8.8,330,-198
672,tt0083866,E.T. the Extra-Terrestrial,1982,7.8,8.6,8.4,8.8,331,-341
384,tt0114746,12 Monkeys,1995,8,8.5,8.4,8.7,332,-52
296,tt0050613,Throne of Blood,1957,8.1,8.8,8.4,9.1,333,37
722,tt1683526,Detachment,2011,7.7,8.7,8.4,8.9,334,-388
720,tt1772341,Wreck-It Ralph,2012,7.7,8.5,8.4,8.7,335,-385
198,tt3390572,Haider,2014,8.1,8.8,8.4,9,336,138
170,tt0081398,Raging Bull,1980,8.2,8.7,8.4,8.8,337,167
309,tt0017925,The General,1926,8.1,8.7,8.4,8.9,338,29
184,tt0046438,Tokyo Story,1953,8.2,8.7,8.4,9,339,155
310,tt0010323,The Cabinet of Dr. Caligari,1920,8.1,8.6,8.4,8.9,340,30
786,tt0119038,Le DÃ®ner de Cons,1998,7.7,8.6,8.3,8.9,341,-445
784,tt0119822,As Good as It Gets,1997,7.7,8.4,8.3,8.6,342,-442
401,tt0085334,A Christmas Story,1983,8,8.6,8.3,8.8,343,-58
657,tt0097202,The Killer,1989,7.8,8.6,8.3,8.9,344,-313
916,tt0340377,The Station Agent,2003,7.6,8.5,8.3,8.7,345,-571
800,tt0104257,A Few Good Men,1992,7.7,8.5,8.3,8.7,346,-454
985,tt0061852,The Jungle Book,1967,7.6,8.6,8.3,8.9,347,-638
937,tt0120762,Mulan,1998,7.6,8.5,8.3,8.6,348,-589
505,tt0108394,Three Colors: Blue,1993,7.9,8.6,8.3,8.9,349,-156
766,tt0301357,Good Bye Lenin!,2003,7.7,8.5,8.3,8.8,350,-416
646,tt0106977,The Fugitive,1993,7.8,8.5,8.3,8.7,351,-295
612,tt0418455,Adam's Apples,2005,7.8,8.6,8.3,8.9,352,-260
959,tt0098635,When Harry Met Sally...,1989,7.6,8.5,8.3,8.7,353,-606
509,tt0097937,My Left Foot,1989,7.9,8.6,8.3,8.8,354,-155
565,tt3841424,Land of Mine,2015,7.8,8.6,8.3,8.8,355,-210
615,tt0388473,Tokyo Godfathers,2003,7.8,8.7,8.3,9,356,-259
395,tt0095953,Rain Man,1988,8,8.5,8.3,8.7,357,-38
394,tt0099348,Dances with Wolves,1990,8,8.6,8.3,8.8,358,-36
970,tt0084707,Sophie's Choice,1982,7.6,8.6,8.3,8.8,359,-611
649,tt0104684,Hard Boiled,1992,7.8,8.6,8.3,8.8,360,-289
807,tt0093389,The Last Emperor,1987,7.7,8.6,8.3,8.8,361,-446
900,tt0446059,Fearless,2006,7.6,8.5,8.3,8.7,362,-538
822,tt0068473,Deliverance,1972,7.7,8.5,8.3,8.6,363,-459
812,tt0084855,The Verdict,1982,7.7,8.6,8.3,8.8,364,-448
718,tt1843866,Captain America: The Winter Soldier,2014,7.7,8.4,8.3,8.6,365,-353
710,tt3416742,What We Do in the Shadows,2014,7.7,8.5,8.3,8.7,366,-344
705,tt4364194,The Peanut Butter Falcon,2019,7.7,8.5,8.3,8.7,367,-338
481,tt0498380,Letters from Iwo Jima,2006,7.9,8.4,8.3,8.6,368,-113
818,tt0073312,Love and Death,1975,7.7,8.5,8.3,8.8,369,-449
529,tt0065214,The Wild Bunch,1969,7.9,8.6,8.3,8.8,370,-159
442,tt0039689,Out of the Past,1947,8,8.6,8.3,8.8,371,-71
530,tt0063350,Night of the Living Dead,1968,7.9,8.5,8.3,8.7,372,-158
693,tt0040506,Key Largo,1948,7.8,8.5,8.3,8.7,373,-320
456,tt4698684,Hunt for the Wilderpeople,2016,7.9,8.5,8.3,8.7,374,-82
681,tt0064665,Midnight Cowboy,1969,7.8,8.6,8.3,8.8,375,-306
485,tt0372824,The Chorus,2004,7.9,8.6,8.3,8.9,376,-109
520,tt0078754,All That Jazz,1979,7.9,8.6,8.3,8.8,377,-143
515,tt0088847,The Breakfast Club,1985,7.9,8.5,8.3,8.7,378,-137
420,tt0061722,The Graduate,1967,8,8.4,8.3,8.6,379,-41
841,tt0043265,The African Queen,1951,7.7,8.5,8.3,8.7,380,-461
671,tt0085794,The King of Comedy,1982,7.8,8.6,8.3,8.8,381,-290
668,tt0087553,The Killing Fields,1984,7.8,8.6,8.3,8.8,382,-286
665,tt0090756,Blue Velvet,1986,7.8,8.5,8.3,8.7,383,-282
893,tt0486655,Stardust,2007,7.6,8.5,8.3,8.6,384,-509
38,tt0482571,The Prestige,2006,8.5,8.4,8.3,8.6,385,347
320,tt2948356,Zootopia,2016,8,8.5,8.3,8.7,386,66
67,tt1187043,3 Idiots,2009,8.4,8.5,8.3,8.7,387,320
186,tt0042876,RashÃ´mon,1950,8.2,8.5,8.3,8.8,388,202
192,tt0015324,Sherlock Jr.,1924,8.2,8.5,8.3,8.6,389,197
139,tt2356180,Bhaag Milkha Bhaag,2013,8.2,8.6,8.3,8.9,390,251
242,tt0169102,Lagaan: Once Upon a Time in India,2001,8.1,8.6,8.3,8.9,391,149
288,tt0056217,The Man Who Shot Liberty Valance,1962,8.1,8.5,8.3,8.7,392,104
118,tt0052357,Vertigo,1958,8.3,8.5,8.3,8.7,393,275
286,tt0056687,What Ever Happened to Baby Jane?,1962,8.1,8.5,8.3,8.8,394,108
239,tt0264464,Catch Me If You Can,2002,8.1,8.4,8.3,8.5,395,156
111,tt0066921,A Clockwork Orange,1971,8.3,8.5,8.3,8.7,396,285
110,tt0070735,The Sting,1973,8.3,8.6,8.3,8.9,397,287
102,tt0093058,Full Metal Jacket,1987,8.3,8.5,8.3,8.7,398,296
348,tt0790636,Dallas Buyers Club,2013,8,8.4,8.3,8.5,399,51
282,tt0061512,Cool Hand Luke,1967,8.1,8.6,8.3,8.8,400,118
270,tt0083658,Blade Runner,1982,8.1,8.4,8.3,8.6,401,131
93,tt0208092,Snatch,2000,8.3,8.5,8.3,8.8,402,309
225,tt0978762,Mary and Max,2009,8.1,8.6,8.3,8.8,403,178
334,tt1659337,The Perks of Being a Wallflower,2012,8,8.5,8.3,8.7,404,70
25,tt0120815,Saving Private Ryan,1998,8.6,8.4,8.3,8.5,405,380
211,tt1895587,Spotlight,2015,8.1,8.5,8.3,8.6,406,195
268,tt0083946,Fitzcarraldo,1982,8.1,8.6,8.3,8.9,407,139
259,tt0101640,Raise the Red Lantern,1991,8.1,8.7,8.3,9.1,408,149
377,tt0156887,Perfect Blue,1997,8,8.6,8.3,8.8,409,32
325,tt2370248,Short Term 12,2013,8,8.6,8.3,8.9,410,85
258,tt0107207,In the Name of the Father,1993,8.1,8.6,8.3,8.9,411,153
152,tt0405508,Rang De Basanti,2006,8.2,8.6,8.3,8.8,412,260
165,tt0105695,Unforgiven,1992,8.2,8.5,8.3,8.7,413,248
319,tt3544112,Sing Street,2016,8,8.5,8.3,8.8,414,95
146,tt1049413,Up,2009,8.2,8.5,8.3,8.6,415,269
361,tt0374546,"Spring, Summer, Fall, Winter... and Spring",2003,8,8.6,8.3,8.9,416,55
451,tt0015648,Battleship Potemkin,1925,8,8.5,8.2,8.7,417,-34
555,tt0013442,Nosferatu,1922,7.9,8.4,8.2,8.6,418,-137
845,tt7668870,Searching,2018,7.6,8.3,8.2,8.5,419,-426
554,tt0022913,Freaks,1932,7.9,8.4,8.2,8.5,420,-134
697,tt0023969,Duck Soup,1933,7.8,8.5,8.2,8.8,421,-276
708,tt3829920,Only The Brave,2017,7.7,8.4,8.2,8.7,422,-286
852,tt4481414,Gifted,2017,7.6,8.4,8.2,8.7,423,-429
324,tt2377938,Special 26,2013,8,8.5,8.2,8.8,424,100
894,tt0485601,The Secret of Kells,2009,7.6,8.5,8.2,8.7,425,-469
686,tt0058385,My Fair Lady,1964,7.8,8.5,8.2,8.8,426,-260
447,tt0033870,The Maltese Falcon,1941,8,8.5,8.2,8.8,427,-20
291,tt0053198,The 400 Blows,1959,8.1,8.5,8.2,8.8,428,137
317,tt3741834,Lion,2016,8,8.4,8.2,8.6,429,112
727,tt1365050,Beasts of No Nation,2015,7.7,8.4,8.2,8.6,430,-297
757,tt0350258,Ray,2004,7.7,8.4,8.2,8.6,431,-326
609,tt0425112,Hot Fuzz,2007,7.8,8.3,8.2,8.5,432,-177
827,tt0063374,The Odd Couple,1968,7.7,8.4,8.2,8.7,433,-394
494,tt0275277,Cowboy Bebop: The Movie,2001,7.9,8.6,8.2,8.9,434,-60
825,tt0066999,Dirty Harry,1971,7.7,8.4,8.2,8.6,435,-390
532,tt0056923,Charade,1963,7.9,8.4,8.2,8.6,436,-96
148,tt0871510,Chak de! India,2007,8.2,8.6,8.2,8.9,437,289
322,tt2576852,The Tale of The Princess Kaguya,2013,8,8.6,8.2,8.9,438,116
482,tt0460791,The Fall,2006,7.9,8.4,8.2,8.6,439,-43
302,tt0032976,Rebecca,1940,8.1,8.5,8.2,8.7,440,138
142,tt1954470,Gangs of Wasseypur,2012,8.2,8.6,8.2,9,441,299
488,tt0347048,Head-On,2004,7.9,8.5,8.2,8.8,442,-46
740,tt0817177,Flipped,2010,7.7,8.5,8.2,8.8,443,-297
611,tt0420332,Veer-Zaara,2004,7.8,8.7,8.2,9.1,444,-167
350,tt0450259,Blood Diamond,2006,8,8.4,8.2,8.5,445,95
577,tt2181931,English Vinglish,2012,7.8,8.5,8.2,8.8,446,-131
247,tt0118715,The Big Lebowski,1998,8.1,8.4,8.2,8.6,447,200
588,tt1527788,The Man from Nowhere,2010,7.8,8.4,8.2,8.7,448,-140
410,tt0070511,Papillon,1973,8,8.5,8.2,8.8,449,39
352,tt0423866,3-Iron,2004,8,8.5,8.2,8.7,450,98
957,tt0099785,Home Alone,1990,7.6,8.4,8.2,8.6,451,-506
248,tt0118694,In the Mood for Love,2000,8.1,8.5,8.2,8.8,452,204
974,tt0080120,The Warriors,1979,7.6,8.4,8.2,8.6,453,-521
647,tt0106489,A Bronx Tale,1993,7.8,8.6,8.2,8.9,454,-193
650,tt0104652,Porco Rosso,1992,7.8,8.6,8.2,8.9,455,-195
951,tt0106856,Falling Down,1993,7.6,8.4,8.2,8.5,456,-495
635,tt0125659,Open Your Eyes,1997,7.8,8.5,8.2,8.8,457,-178
404,tt0078841,Being There,1979,8,8.5,8.2,8.7,458,54
632,tt0140352,The Insider,1999,7.8,8.4,8.2,8.6,459,-173
243,tt0167404,The Sixth Sense,1999,8.1,8.3,8.2,8.4,460,217
620,tt0332280,The Notebook,2004,7.8,8.4,8.2,8.6,461,-159
43,tt0114814,The Usual Suspects,1995,8.5,8.4,8.2,8.6,462,419
673,tt0079417,Kramer vs. Kramer,1979,7.8,8.5,8.2,8.6,463,-210
667,tt0088939,The Color Purple,1985,7.8,8.5,8.2,8.8,464,-203
396,tt0094625,Akira,1988,8,8.4,8.2,8.7,465,69
915,tt0344510,A Very Long Engagement,2004,7.6,8.4,8.2,8.6,466,-449
254,tt0112471,Before Sunrise,1995,8.1,8.4,8.2,8.6,467,213
663,tt0091042,Ferris Bueller's Day Off,1986,7.8,8.4,8.2,8.6,468,-195
993,tt0045793,From Here to Eternity,1953,7.6,8.5,8.2,8.8,469,-524
438,tt0044081,A Streetcar Named Desire,1951,8,8.5,8.2,8.8,470,32
267,tt0084503,Pink Floyd: The Wall,1982,8.1,8.5,8.2,8.8,471,204
570,tt3169706,Pride,2014,7.8,8.5,8.2,8.8,472,-98
628,tt0190332,"Crouching Tiger, Hidden Dragon",2000,7.8,8.3,8.1,8.5,473,-155
293,tt0051808,The Hidden Fortress,1958,8.1,8.4,8.1,8.7,474,181
514,tt0091167,Hannah and Her Sisters,1986,7.9,8.4,8.1,8.8,475,-39
774,tt0216651,Vampire Hunter D: Bloodlust,2000,7.7,8.5,8.1,8.9,476,-298
297,tt0050212,The Bridge on the River Kwai,1957,8.1,8.4,8.1,8.7,477,180
634,tt0126029,Shrek,2001,7.8,8.3,8.1,8.4,478,-156
630,tt0162222,Cast Away,2000,7.8,8.2,8.1,8.4,479,-151
244,tt0120731,La leggenda del pianista sull'oceano,1998,8.1,8.5,8.1,8.8,480,236
629,tt0185125,All About My Mother,1999,7.8,8.5,8.1,8.8,481,-148
679,tt0068327,Cabaret,1972,7.8,8.5,8.1,8.8,482,-197
241,tt0169858,Neon Genesis Evangelion: The End of Evangelion,1997,8.1,8.5,8.1,8.9,483,242
240,tt0245712,Amores Perros,2000,8.1,8.3,8.1,8.6,484,244
207,tt2119532,Hacksaw Ridge,2016,8.1,8.2,8.1,8.4,485,278
692,tt0040724,Red River,1948,7.8,8.4,8.1,8.7,486,-206
227,tt0861739,Elite Squad,2007,8.1,8.5,8.1,8.8,487,260
383,tt0117589,Secrets & Lies,1996,8,8.5,8.1,8.8,488,105
573,tt2350496,The Lunchbox,2013,7.8,8.3,8.1,8.5,489,-84
698,tt0021884,Frankenstein,1931,7.8,8.2,8.1,8.4,490,-208
659,tt0095647,Mississippi Burning,1988,7.8,8.3,8.1,8.6,491,-168
575,tt2245084,Big Hero 6,2014,7.8,8.3,8.1,8.5,492,-83
231,tt0405159,Million Dollar Baby,2004,8.1,8.3,8.1,8.5,493,262
234,tt0374887,Munna Bhai M.B.B.S.,2003,8.1,8.7,8.1,9.3,494,260
269,tt0083922,Fanny and Alexander,1982,8.1,8.6,8.1,8.9,495,226
542,tt0038787,Notorious,1946,7.9,8.4,8.1,8.6,496,-46
284,tt0058946,The Battle of Algiers,1966,8.1,8.4,8.1,8.7,497,213
736,tt0876563,Ponyo,2008,7.7,8.4,8.1,8.7,498,-238
539,tt0044706,High Noon,1952,7.9,8.4,8.1,8.6,499,-40
737,tt0870111,Frost/Nixon,2008,7.7,8.3,8.1,8.5,500,-237
537,tt0049730,The Searchers,1956,7.9,8.3,8.1,8.6,501,-36
534,tt0054331,Spartacus,1960,7.9,8.3,8.1,8.6,502,-32
215,tt1562872,Zindagi Na Milegi Dobara,2011,8.1,8.4,8.1,8.7,503,288
277,tt0072443,The Mirror,1975,8.1,8.6,8.1,9,504,227
787,tt0119008,Donnie Brasco,1997,7.7,8.3,8.1,8.5,505,-282
136,tt3322420,Queen,2013,8.2,8.4,8.1,8.7,506,370
808,tt0091605,The Name of the Rose,1986,7.7,8.4,8.1,8.7,507,-301
474,tt1125849,The Wrestler,2008,7.9,8.2,8.1,8.4,508,34
475,tt1093370,Jab We Met,2007,7.9,8.5,8.1,8.8,509,34
91,tt0338013,Eternal Sunshine of the Spotless Mind,2004,8.3,8.3,8.1,8.4,510,419
936,tt0120802,The Red Violin,1998,7.6,8.4,8.1,8.8,511,-425
129,tt5571734,Pink,2016,8.2,8.4,8.1,8.7,512,383
347,tt0808417,Persepolis,2007,8,8.3,8.1,8.6,513,166
466,tt1631867,Edge of Tomorrow,2014,7.9,8.2,8.1,8.4,514,48
956,tt0099810,The Hunt for Red October,1990,7.6,8.4,8.1,8.6,515,-441
843,tt0026029,The 39 Steps,1935,7.7,8.3,8.1,8.6,516,-327
486,tt0371746,Iron Man,2008,7.9,8.2,8.1,8.3,517,31
487,tt0365748,Shaun of the Dead,2004,7.9,8.3,8.1,8.5,518,31
439,tt0044079,Strangers on a Train,1951,8,8.4,8.1,8.7,519,80
444,tt0037008,Laura,1944,8,8.4,8.1,8.6,520,76
357,tt0381681,Before Sunset,2004,8,8.3,8.1,8.6,521,164
446,tt0036613,Arsenic and Old Lace,1944,8,8.5,8.1,8.7,522,76
362,tt0369702,The Sea Inside,2004,8,8.4,8.1,8.7,523,161
35,tt4154756,Avengers: Infinity War,2018,8.5,8.1,8.1,8.2,524,489
390,tt0105323,Scent of a Woman,1992,8,8.3,8.1,8.6,525,135
996,tt0441773,Kung Fu Panda,2008,7.5,8.3,8.1,8.5,526,-470
157,tt0347149,Howl's Moving Castle,2004,8.2,8.4,8.1,8.7,527,370
94,tt0180093,Requiem for a Dream,2000,8.3,8.3,8.1,8.5,528,434
341,tt1220719,Ip Man,2008,8,8.3,8,8.6,529,188
944,tt0112864,Die Hard with a Vengeance,1995,7.6,8.2,8,8.4,530,-414
569,tt3262342,Loving Vincent,2017,7.8,8.2,8,8.4,531,-38
928,tt0230600,The Others,2001,7.6,8.1,8,8.3,532,-396
895,tt0456912,A Bittersweet Life,2005,7.6,8.4,8,8.8,533,-362
775,tt0190590,"O Brother, Where Art Thou?",2000,7.7,8.2,8,8.4,534,-241
100,tt0112573,Braveheart,1995,8.3,8.2,8,8.4,535,435
323,tt2543472,Wonder,2017,8,8.3,8,8.5,536,213
658,tt0096874,Back to the Future Part II,1989,7.8,8.2,8,8.4,537,-121
654,tt0100150,Miller's Crossing,1990,7.8,8.4,8,8.7,538,-116
955,tt0101700,Delicatessen,1991,7.6,8.3,8,8.5,539,-416
866,tt1899353,The Raid: Redemption,2011,7.6,8.2,8,8.4,540,-326
236,tt0292490,Dil Chahta Hai,2001,8.1,8.5,8,9,541,305
349,tt0454921,The Pursuit of Happyness,2006,8,8.1,8,8.3,542,193
76,tt0081505,The Shining,1980,8.4,8.1,8,8.3,543,467
966,tt0093409,Lethal Weapon,1987,7.6,8.3,8,8.6,544,-422
414,tt0067328,The Last Picture Show,1971,8,8.4,8,8.7,545,131
412,tt0069281,Sleuth,1972,8,8.4,8,8.7,546,134
354,tt0401383,The Diving Bell and the Butterfly,2007,8,8.2,8,8.5,547,193
405,tt0075686,Annie Hall,1977,8,8.3,8,8.5,548,143
981,tt0070608,Robin Hood,1973,7.6,8.3,8,8.5,549,-432
13,tt8579674,1917,2019,8.7,8.2,8,8.4,550,537
381,tt0119472,Knockin' on Heaven's Door,1997,8,8.7,8,9.2,551,170
869,tt1568921,The Secret World of Arrietty,2010,7.6,8.2,8,8.5,552,-317
21,tt6751668,Parasite,2019,8.6,8.2,8,8.4,553,532
123,tt0033467,Citizen Kane,1941,8.3,8.2,8,8.4,554,431
196,tt4016934,The Handmaiden,2016,8.1,8.3,8,8.6,555,359
809,tt0089853,The Purple Rose of Cairo,1985,7.7,8.3,8,8.6,556,-253
290,tt0053946,Inherit the Wind,1960,8.1,8.4,8,8.8,557,267
287,tt0056443,Sanjuro,1962,8.1,8.4,8,8.8,558,271
145,tt1291584,Warrior,2011,8.2,8.3,8,8.5,559,414
695,tt0030341,The Lady Vanishes,1938,7.8,8.3,8,8.5,560,-135
739,tt0824747,Changeling,2008,7.7,8.2,8,8.4,561,-178
305,tt0028950,Grand Illusion,1937,8.1,8.4,8,8.8,562,257
738,tt0851578,Paprika,2006,7.7,8.3,8,8.6,563,-175
826,tt0065207,Where Eagles Dare,1968,7.7,8.3,8,8.5,564,-262
469,tt1235166,A Prophet,2009,7.9,8.3,8,8.6,565,96
107,tt0086190,Star Wars: Episode VI - Return of the Jedi,1983,8.3,8.2,8,8.4,566,459
106,tt0086250,Scarface,1983,8.3,8.3,8,8.5,567,461
329,tt1877832,X-Men: Days of Future Past,2014,8,8.2,8,8.3,568,239
182,tt0050976,The Seventh Seal,1957,8.2,8.4,8,8.7,569,387
863,tt2431286,Philomena,2013,7.6,8.2,8,8.3,570,-293
862,tt2582782,Hell or High Water,2016,7.6,8.2,8,8.4,571,-291
459,tt2872718,Nightcrawler,2014,7.9,8.1,8,8.3,572,113
101,tt0105236,Reservoir Dogs,1992,8.3,8.2,8,8.4,573,472
793,tt0109445,Clerks,1994,7.7,8.2,8,8.4,574,-219
150,tt0457430,Pan's Labyrinth,2006,8.2,8.1,7.9,8.2,575,425
770,tt0257044,Road to Perdition,2002,7.7,8.1,7.9,8.3,576,-194
968,tt0086979,Blood Simple,1984,7.6,8.2,7.9,8.4,577,-391
762,tt0325710,The Last Samurai,2003,7.7,8.1,7.9,8.3,578,-184
160,tt0120735,"Lock, Stock and Two Smoking Barrels",1998,8.2,8.2,7.9,8.4,579,419
767,tt0298845,In America,2002,7.7,8.3,7.9,8.6,580,-187
983,tt0065938,Kelly's Heroes,1970,7.6,8.2,7.9,8.5,581,-402
183,tt0046912,Dial M for Murder,1954,8.2,8.2,7.9,8.4,582,399
36,tt2582802,Whiplash,2014,8.5,8.1,7.9,8.3,583,547
626,tt0240772,Ocean's Eleven,2001,7.8,8.2,7.9,8.4,584,-42
976,tt0079116,Escape from Alcatraz,1979,7.6,8.1,7.9,8.4,585,-391
171,tt0079944,Stalker,1979,8.2,8.2,7.9,8.5,586,415
984,tt0063462,The Producers,1967,7.6,8.2,7.9,8.5,587,-397
761,tt0327597,Coraline,2009,7.7,8.1,7.9,8.4,588,-173
865,tt1937149,The Body,2012,7.6,8.3,7.9,8.7,589,-276
964,tt0094947,Dangerous Liaisons,1988,7.6,8.4,7.9,8.8,590,-374
913,tt0370986,Mysterious Skin,2004,7.6,8.2,7.9,8.5,591,-322
690,tt0049833,The Ten Commandments,1956,7.8,8.3,7.9,8.7,592,-98
682,tt0062467,Wait Until Dark,1967,7.8,8.2,7.9,8.5,593,-89
200,tt3170832,Room,2015,8.1,8.1,7.9,8.3,594,394
903,tt0427944,Thank You for Smoking,2005,7.6,8.1,7.9,8.2,595,-308
719,tt1821549,Nebraska,2013,7.7,8.1,7.9,8.3,596,-123
676,tt0071360,The Conversation,1974,7.8,8.1,7.9,8.4,597,-79
96,tt0119217,Good Will Hunting,1997,8.3,8.2,7.9,8.4,598,502
197,tt3612616,Mommy,2014,8.1,8.5,7.9,8.9,599,402
811,tt0086637,Zelig,1983,7.7,8.3,7.9,8.7,600,-211
95,tt0169547,American Beauty,1999,8.3,8.1,7.9,8.3,601,506
923,tt0277027,I Am Sam,2001,7.6,8.2,7.9,8.4,602,-321
836,tt0054047,The Magnificent Seven,1960,7.7,8.1,7.9,8.3,603,-233
945,tt0112817,Dead Man,1995,7.6,8.2,7.9,8.5,604,-341
946,tt0112579,The Bridges of Madison County,1995,7.6,8.2,7.9,8.6,605,-341
949,tt0110148,Interview with the Vampire: The Vampire Chronicles,1994,7.6,8.2,7.9,8.5,606,-343
744,tt0457655,After the Wedding,2006,7.7,8.2,7.9,8.5,607,-137
386,tt0113568,Ghost in the Shell,1995,8,8.3,7.9,8.6,608,222
519,tt0079522,Manhattan,1979,7.9,8.2,7.9,8.5,609,90
584,tt1590089,Kokuhaku,2010,7.8,8.3,7.9,8.6,610,26
389,tt0106469,"Blood In, Blood Out",1993,8,8.4,7.9,8.9,611,222
279,tt0069467,Cries & Whispers,1972,8.1,8.3,7.9,8.7,612,333
281,tt0062229,Le SamouraÃ¯,1967,8.1,8.3,7.9,8.8,613,332
546,tt0036342,Shadow of a Doubt,1943,7.9,8.2,7.9,8.4,614,68
543,tt0038355,The Big Sleep,1946,7.9,8.3,7.9,8.5,615,72
360,tt0376968,The Return,2003,8,8.2,7.9,8.4,616,256
571,tt2404461,Le passÃ©,2013,7.8,8.2,7.9,8.5,617,46
578,tt2024519,The Broken Circle Breakdown,2012,7.8,8.3,7.9,8.6,618,40
493,tt0283509,No Man's Land,2001,7.9,8.4,7.9,8.8,619,126
416,tt0064115,Butch Cassidy and the Sundance Kid,1969,8,8.2,7.9,8.4,620,204
479,tt0780536,In Bruges,2008,7.9,8.2,7.9,8.4,621,142
590,tt1216496,Mother,2009,7.8,8.2,7.9,8.5,622,32
392,tt0102138,JFK,1991,8,8.2,7.9,8.5,623,231
597,tt0907657,Once,2007,7.8,8.2,7.9,8.5,624,27
425,tt0056801,8Â½,1963,8,8.3,7.9,8.7,625,200
372,tt0246578,Donnie Darko,2001,8,8.1,7.9,8.2,626,254
427,tt0053779,La Dolce Vita,1960,8,8.3,7.9,8.7,627,200
431,tt0051459,Cat on a Hot Tin Roof,1958,8,8.3,7.9,8.5,628,197
516,tt0088846,Brazil,1985,7.9,8.1,7.8,8.4,629,113
792,tt0110877,Il Postino,1994,7.7,8.3,7.8,8.8,630,-162
453,tt5168192,"I, Daniel Blake",2016,7.9,8.1,7.8,8.4,631,178
942,tt0116922,Lost Highway,1997,7.6,8.1,7.8,8.4,632,-310
574,tt2317337,Vicky Donor,2012,7.8,8.1,7.8,8.5,633,59
789,tt0117381,Primal Fear,1996,7.7,8,7.8,8.2,634,-155
441,tt0040746,Rope,1948,8,8,7.8,8.3,635,194
771,tt0250258,The Experiment,2001,7.7,8.1,7.8,8.4,636,-135
972,tt0082846,On Golden Pond,1981,7.6,8.2,7.8,8.5,637,-335
666,tt0089218,The Goonies,1985,7.8,8.2,7.8,8.5,638,-28
289,tt0056111,Ivan's Childhood,1962,8.1,8.3,7.8,8.7,639,350
670,tt0086197,The Right Stuff,1983,7.8,8.2,7.8,8.6,640,-30
33,tt6316138,Ayla: The Daughter of War,2017,8.5,8.5,7.8,9.1,641,608
397,tt0093191,Wings of Desire,1987,8,8.2,7.8,8.5,642,245
715,tt2582496,Me and Earl and the Dying Girl,2015,7.7,8.1,7.8,8.5,643,-72
371,tt0270053,Vizontele,2001,8,8.9,7.8,9.7,644,273
560,tt4901306,Perfetti sconosciuti,2016,7.8,8.4,7.8,8.8,645,85
699,tt8404614,The Two Popes,2019,7.7,8,7.8,8.3,646,-53
927,tt0241527,Harry Potter and the Sorcerer's Stone,2001,7.6,8,7.8,8.2,647,-280
346,tt0848228,The Avengers,2012,8,7.9,7.8,8.1,648,302
579,tt2013293,The Wind Rises,2013,7.8,8.2,7.8,8.5,649,70
805,tt0096163,The Vanishing,1988,7.7,8.1,7.8,8.4,650,-155
491,tt0299977,Ying xiong,2002,7.9,8,7.8,8.2,651,160
876,tt1306980,50/50,2011,7.6,8,7.8,8.2,652,-224
952,tt0106677,Dazed and Confused,1993,7.6,8,7.8,8.3,653,-299
962,tt0096754,The Abyss,1989,7.6,8.1,7.8,8.3,654,-308
72,tt0209144,Memento,2000,8.4,7.9,7.8,8.1,655,583
428,tt0053221,Rio Bravo,1959,8,8.1,7.8,8.3,656,228
904,tt0420223,Stranger Than Fiction,2006,7.6,8,7.8,8.2,657,-247
621,tt0318462,The Motorcycle Diaries,2004,7.8,8.2,7.8,8.5,658,37
250,tt0116282,Fargo,1996,8.1,8.1,7.8,8.3,659,409
483,tt0454876,Life of Pi,2012,7.9,8,7.8,8.2,660,177
810,tt0088680,After Hours,1985,7.7,8.1,7.8,8.5,661,-149
688,tt0056197,The Longest Day,1962,7.8,8.1,7.8,8.4,662,-26
600,tt0808506,Toki o kakeru shÃ´jo,2006,7.8,8.3,7.8,8.6,663,63
417,tt0063522,Rosemary's Baby,1968,8,8,7.8,8.3,664,247
550,tt0029947,Bringing Up Baby,1938,7.9,8,7.7,8.4,665,115
901,tt0443543,The Illusionist,2006,7.6,7.8,7.7,8,666,-235
728,tt1285016,The Social Network,2010,7.7,7.9,7.7,8.1,667,-61
711,tt3398268,When Marnie Was There,2014,7.7,8.1,7.7,8.5,668,-43
878,tt1242422,Celda 211,2009,7.6,8.1,7.7,8.4,669,-209
924,tt0266308,Battle Royale,2000,7.6,7.9,7.7,8.2,670,-254
847,tt6304162,Loveless,2017,7.6,8.2,7.7,8.6,671,-176
980,tt0073582,Deep Red,1975,7.6,8,7.7,8.3,672,-308
918,tt0310775,Sympathy for Mr. Vengeance,2002,7.6,8.1,7.7,8.5,673,-245
471,tt1182345,Moon,2009,7.9,7.9,7.7,8.2,674,203
940,tt0118929,Dark City,1998,7.6,8,7.7,8.3,675,-265
536,tt0052893,Hiroshima Mon Amour,1959,7.9,8.2,7.7,8.6,676,140
839,tt0047437,Sabrina,1954,7.7,8,7.7,8.4,677,-162
413,tt0068182,"Aguirre, the Wrath of God",1972,8,8,7.7,8.4,678,265
760,tt0328107,Man on Fire,2004,7.7,7.9,7.7,8.1,679,-81
511,tt0097216,Do the Right Thing,1989,7.9,8,7.7,8.3,680,169
153,tt0375611,Black,2005,8.2,8.2,7.7,8.6,681,528
820,tt0070666,Serpico,1973,7.7,8,7.7,8.2,682,-138
429,tt0052561,Anatomy of a Murder,1959,8,7.9,7.7,8.2,683,254
138,tt2758880,Kis Uykusu,2014,8.2,8.1,7.7,8.5,684,546
795,tt0107818,Philadelphia,1993,7.7,8.1,7.7,8.3,685,-110
151,tt0434409,V for Vendetta,2005,8.2,7.8,7.7,7.9,686,535
790,tt0116477,Hamlet,1996,7.7,8.1,7.7,8.4,687,-103
934,tt0144084,American Psycho,2000,7.6,7.9,7.7,8.1,688,-246
664,tt0090967,Down by Law,1986,7.8,8.2,7.7,8.6,689,25
651,tt0102536,Night on Earth,1991,7.8,8.1,7.7,8.5,690,39
627,tt0210945,Remember the Titans,2000,7.8,8,7.7,8.3,691,64
594,tt0964517,The Fighter,2010,7.8,7.9,7.7,8.1,692,98
264,tt0087884,"Paris, Texas",1984,8.1,8.2,7.7,8.6,693,429
216,tt1454029,The Help,2011,8.1,7.9,7.7,8.2,694,478
685,tt0061418,Bonnie and Clyde,1967,7.8,7.9,7.7,8.2,695,10
596,tt0914798,The Boy in the Striped Pajamas,2008,7.8,7.9,7.7,8.1,696,100
683,tt0061735,Guess Who's Coming to Dinner,1967,7.8,7.9,7.7,8,697,14
563,tt4302938,Kubo and the Two Strings,2016,7.8,8.1,7.7,8.4,698,135
583,tt1596363,The Big Short,2015,7.8,7.9,7.7,8.1,699,116
769,tt0265086,Black Hawk Down,2001,7.7,7.8,7.6,8,700,-69
521,tt0077405,Days of Heaven,1978,7.9,8,7.6,8.4,701,180
606,tt0472043,Apocalypto,2006,7.8,7.7,7.6,7.9,702,96
873,tt1340107,In a Better World,2010,7.6,8,7.6,8.3,703,-170
756,tt0361862,The Machinist,2004,7.7,7.8,7.6,7.9,704,-52
605,tt0485947,Mr. Nobody,2009,7.8,7.9,7.6,8.2,705,100
745,tt0455590,The Last King of Scotland,2006,7.7,7.8,7.6,8,706,-39
921,tt0289879,The Butterfly Effect,2004,7.6,7.8,7.6,8,707,-214
990,tt0056193,Lolita,1962,7.6,7.9,7.6,8.2,708,-282
886,tt0976051,The Reader,2008,7.6,7.8,7.6,8,709,-177
749,tt0421082,Control,2007,7.7,7.9,7.6,8.2,710,-39
424,tt0058461,A Fistful of Dollars,1964,8,7.9,7.6,8.2,711,287
662,tt0092965,Empire of the Sun,1987,7.8,8,7.6,8.4,712,50
785,tt0119116,The Fifth Element,1997,7.7,7.8,7.6,8.1,713,-72
788,tt0117631,Shine,1996,7.7,8.1,7.6,8.4,714,-74
791,tt0113670,A Little Princess,1995,7.7,8.2,7.6,8.7,715,-76
580,tt1924396,The Best Offer,2013,7.8,7.9,7.6,8.2,716,136
623,tt0286244,The Triplets of Belleville,2003,7.8,8,7.6,8.3,717,94
375,tt0168629,Dancer in the Dark,2000,8,7.8,7.6,8.1,718,343
132,tt4934950,Talvar,2015,8.2,8.2,7.6,8.7,719,587
342,tt1188996,My Name Is Khan,2010,8,8,7.6,8.3,720,378
833,tt0056869,The Birds,1963,7.7,7.9,7.6,8.1,721,-112
421,tt0061184,Who's Afraid of Virginia Woolf?,1966,8,8,7.6,8.4,722,301
465,tt1655442,The Artist,2011,7.9,7.9,7.6,8.1,723,258
842,tt0038559,Gilda,1946,7.7,7.9,7.6,8.2,724,-118
217,tt1392214,Prisoners,2013,8.1,7.7,7.6,7.9,725,508
87,tt1255953,Incendies,2010,8.3,8,7.6,8.4,726,639
432,tt0049406,The Killing,1956,8,7.8,7.6,8.1,727,295
545,tt0037382,To Have and Have Not,1944,7.9,7.9,7.6,8.2,728,183
548,tt0032599,His Girl Friday,1940,7.9,8,7.6,8.3,729,181
549,tt0031971,Stagecoach,1939,7.9,7.9,7.6,8.1,730,181
280,tt0069293,Solaris,1972,8.1,7.9,7.6,8.3,731,451
707,tt4080728,A Man Called Ove,2015,7.7,8,7.6,8.4,732,25
202,tt2631186,Baahubali,2015,8.1,7.9,7.6,8.2,733,531
199,tt3315342,Logan,2017,8.1,7.7,7.6,7.9,734,535
452,tt5726616,Call Me by Your Name,2017,7.9,7.8,7.6,8.1,735,283
526,tt0068361,The Discreet Charm of the Bourgeoisie,1972,7.9,8.2,7.5,8.8,736,210
703,tt5362988,Wind River,2017,7.7,7.8,7.5,8,737,34
525,tt0071129,Amarcord,1973,7.9,8,7.5,8.5,738,213
700,tt8291806,Pain and Glory,2019,7.7,7.9,7.5,8.3,739,39
558,tt5186714,The Salesman,2016,7.8,8,7.5,8.4,740,182
133,tt4849438,Baahubali 2: The Conclusion,2017,8.2,7.9,7.5,8.2,741,608
585,tt1588170,I Saw the Devil,2010,7.8,7.8,7.5,8.1,742,157
66,tt1345836,The Dark Knight Rises,2012,8.4,7.6,7.5,7.7,743,677
221,tt1201607,Harry Potter and the Deathly Hallows: Part 2,2011,8.1,7.8,7.5,8,744,523
71,tt0364569,Oldboy,2003,8.4,7.7,7.5,8,745,674
875,tt1318514,Rise of the Planet of the Apes,2011,7.6,7.7,7.5,7.9,746,-129
607,tt0449059,Little Miss Sunshine,2006,7.8,7.7,7.5,7.9,747,140
824,tt0067116,The French Connection,1971,7.7,7.8,7.5,8.1,748,-76
889,tt0857191,The Visitor,2007,7.6,7.9,7.5,8.2,749,-140
457,tt3553976,Captain Fantastic,2016,7.9,7.7,7.5,8,750,293
477,tt1032846,"4 Months, 3 Weeks and 2 Days",2007,7.9,7.9,7.5,8.2,751,274
527,tt0067185,Harold and Maude,1971,7.9,7.9,7.5,8.3,752,225
879,tt1210166,Moneyball,2011,7.6,7.7,7.5,8,753,-126
742,tt0480025,This Is England,2006,7.7,7.9,7.5,8.3,754,12
423,tt0059113,Doctor Zhivago,1965,8,7.8,7.5,8.2,755,332
941,tt0117665,Sleepers,1996,7.6,7.9,7.5,8.2,756,-185
538,tt0048028,East of Eden,1955,7.9,7.9,7.5,8.3,757,219
721,tt1754656,Le Petit Prince,2015,7.7,8,7.5,8.5,758,37
997,tt0408306,Munich,2005,7.5,7.7,7.5,7.9,759,-238
464,tt1827487,Bir Zamanlar Anadolu'da,2011,7.9,7.9,7.5,8.3,760,296
495,tt0258463,The Bourne Identity,2002,7.9,7.7,7.4,7.9,761,266
803,tt0101410,Barton Fink,1991,7.7,7.8,7.4,8.2,762,-41
492,tt0287467,Talk to Her,2002,7.9,7.8,7.4,8.2,763,271
979,tt0075860,Close Encounters of the Third Kind,1977,7.6,7.7,7.4,8.1,764,-215
954,tt0103939,Chaplin,1992,7.6,7.6,7.4,7.9,765,-189
141,tt2096673,Inside Out,2015,8.2,7.6,7.4,7.9,766,625
454,tt5104604,Isle of Dogs,2018,7.9,7.7,7.4,8,767,313
817,tt0074811,The Tenant,1976,7.7,7.9,7.4,8.3,768,-49
857,tt3521164,Moana,2016,7.6,7.7,7.4,7.9,769,-88
587,tt1535109,Captain Phillips,2013,7.8,7.6,7.4,7.9,770,183
472,tt1139797,Let the Right One In,2008,7.9,7.7,7.4,7.9,771,299
112,tt0062622,2001: A Space Odyssey,1968,8.3,7.6,7.4,7.8,772,660
593,tt1132620,The Girl with the Dragon Tattoo,2009,7.8,7.8,7.4,8,773,180
470,tt1190539,The Chaser,2008,7.9,7.9,7.4,8.3,774,304
838,tt0048545,Rebel Without a Cause,1955,7.7,7.8,7.4,8.1,775,-63
208,tt2082197,Barfi!,2012,8.1,7.8,7.4,8.3,776,568
34,tt4154796,Avengers: Endgame,2019,8.5,7.5,7.4,7.6,777,743
868,tt1649419,The Impossible,2012,7.6,7.7,7.4,8,778,-90
328,tt2015381,Guardians of the Galaxy,2014,8,7.6,7.4,7.8,779,451
755,tt0372183,The Bourne Supremacy,2004,7.7,7.6,7.4,7.8,780,25
768,tt0268126,Adaptation.,2002,7.7,7.7,7.4,7.9,781,13
712,tt2980516,The Theory of Everything,2014,7.7,7.6,7.4,7.8,782,70
678,tt0069762,Badlands,1973,7.8,7.9,7.4,8.2,783,105
746,tt0443706,Zodiac,2007,7.7,7.6,7.4,7.8,784,38
734,tt1022603,500 Days of Summer,2009,7.7,7.6,7.4,7.9,785,51
624,tt0245844,The Count of Monte Cristo,2002,7.8,7.7,7.4,7.9,786,162
561,tt4846340,Hidden Figures,2016,7.8,7.6,7.4,7.9,787,226
995,tt0840361,The Town,2010,7.5,7.6,7.4,7.8,788,-207
874,tt1323594,Despicable Me,2010,7.6,7.7,7.4,7.9,789,-85
871,tt1436045,JÃ»san-nin no shikaku,2010,7.6,7.8,7.4,8.2,790,-81
158,tt0268978,A Beautiful Mind,2001,8.2,7.7,7.4,8,791,633
714,tt2582846,The Fault in Our Stars,2014,7.7,7.7,7.4,8,792,78
436,tt0046359,Stalag 17,1953,8,7.7,7.4,8.2,793,357
919,tt0307901,25th Hour,2002,7.6,7.6,7.3,7.9,794,-125
589,tt1490017,The Lego Movie,2014,7.8,7.6,7.3,7.9,795,206
359,tt0378194,Kill Bill: Vol. 2,2004,8,7.5,7.3,7.8,796,437
856,tt3682448,Bridge of Spies,2015,7.6,7.6,7.3,7.8,797,-59
828,tt0061395,Belle de Jour,1967,7.7,7.8,7.3,8.4,798,-30
524,tt0071615,The Holy Mountain,1973,7.9,7.9,7.3,8.4,799,275
898,tt0451094,Lady Vengeance,2005,7.6,7.7,7.3,8.1,800,-98
285,tt0056732,The Exterminating Angel,1962,8.1,7.9,7.3,8.4,801,516
283,tt0060827,Persona,1966,8.1,7.8,7.3,8.3,802,519
204,tt2278388,The Grand Budapest Hotel,2014,8.1,7.5,7.3,7.8,803,599
468,tt1398426,Straight Outta Compton,2015,7.9,7.6,7.3,8,804,336
467,tt1602620,Amour,2012,7.9,7.7,7.3,8.1,805,338
948,tt0111507,Three Colors: White,1994,7.6,7.7,7.3,8.1,806,-142
926,tt0245574,Y Tu MamÃ¡ TambiÃ©n,2001,7.6,7.7,7.3,8.1,807,-119
729,tt1270798,X: First Class,2011,7.7,7.5,7.3,7.7,808,79
74,tt0087843,Once Upon a Time in America,1984,8.4,7.6,7.3,7.9,809,735
717,tt2278871,Blue Is the Warmest Color,2013,7.7,7.6,7.3,8,810,93
780,tt0139654,Training Day,2001,7.7,7.6,7.3,7.9,811,31
969,tt0085959,The Meaning of Life,1983,7.6,7.6,7.3,7.9,812,-157
910,tt0399295,Lord of War,2005,7.6,7.6,7.3,7.9,813,-97
782,tt0128445,Rushmore,1998,7.7,7.7,7.3,8,814,32
8,tt1375666,Inception,2010,8.8,7.4,7.3,7.5,815,807
164,tt0109117,Everyone Has Their Own Style,1994,8.2,8,7.3,8.6,816,652
433,tt0048424,The Night of the Hunter,1955,8,7.6,7.3,7.9,817,384
619,tt0338309,Evil,2003,7.8,7.9,7.3,8.4,818,199
797,tt0104797,Malcolm X,1992,7.7,7.9,7.3,8.4,819,22
595,tt0936501,Taken,2008,7.8,7.5,7.3,7.6,820,225
902,tt0441909,Volver,2006,7.6,7.6,7.3,7.9,821,-81
567,tt3498820,Captain America: Civil War,2016,7.8,7.4,7.3,7.6,822,255
256,tt0109424,Chungking Express,1994,8.1,7.9,7.3,8.3,823,567
513,tt0094226,The Untouchables,1987,7.9,7.5,7.2,7.8,824,311
751,tt0389557,Black Book,2006,7.7,7.6,7.2,7.9,825,74
859,tt3076658,Creed,2015,7.6,7.5,7.2,7.7,826,-33
351,tt0440963,The Bourne Ultimatum,2007,8,7.4,7.2,7.6,827,476
273,tt0077416,The Deer Hunter,1978,8.1,7.5,7.2,7.8,828,555
559,tt4912910,Mission: Impossible - Fallout,2018,7.8,7.4,7.2,7.5,829,270
888,tt0878804,The Blind Side,2009,7.6,7.5,7.2,7.7,830,-58
776,tt0165832,Interstate 60: Episodes of the Road,2002,7.7,7.8,7.2,8.2,831,55
872,tt1403865,True Grit,2010,7.6,7.4,7.2,7.6,832,-40
834,tt0054698,Breakfast at Tiffany's,1961,7.7,7.5,7.2,7.7,833,-1
830,tt0059646,Repulsion,1965,7.7,7.6,7.2,8,834,4
991,tt0049261,Giant,1956,7.6,7.6,7.2,8,835,-156
311,tt8075192,Shoplifters,2018,8,7.7,7.2,8.1,836,525
203,tt2338151,PK,2014,8.1,7.5,7.2,7.8,837,634
652,tt0101765,The Double Life of VÃ©ronique,1991,7.8,7.8,7.2,8.4,838,186
854,tt3896198,Guardians of the Galaxy Vol. 2,2017,7.6,7.2,7.1,7.4,839,-15
892,tt0765443,Eastern Promises,2007,7.6,7.3,7.1,7.6,840,-52
864,tt2103281,Dawn of the Planet of the Apes,2014,7.6,7.3,7.1,7.6,841,-23
337,tt1431045,Deadpool,2016,8,7.3,7.1,7.4,842,505
625,tt0243017,Waking Life,2001,7.8,7.5,7.1,7.9,843,218
899,tt0450188,La Vie En Rose,2007,7.6,7.5,7.1,7.9,844,-55
338,tt1360860,Darbareye Elly,2009,8,7.8,7.1,8.3,845,507
896,tt0454848,Inside Man,2006,7.6,7.3,7.1,7.5,846,-50
502,tt0115751,Breaking the Waves,1996,7.9,7.7,7.1,8.2,847,345
581,tt1748122,Moonrise Kingdom,2012,7.8,7.4,7.1,7.7,848,267
209,tt2024544,12 Years a Slave,2013,8.1,7.4,7.1,7.6,849,640
39,tt0407887,The Departed,2006,8.5,7.3,7.1,7.4,850,811
982,tt0066765,And Now for Something Completely Different,1971,7.6,7.7,7.1,8.1,851,-131
473,tt1136608,District 9,2009,7.9,7.2,7.1,7.4,852,379
706,tt4226388,Victoria,2015,7.7,7.5,7.1,8,853,147
823,tt0067140,"Duck, You Sucker",1971,7.7,7.7,7.1,8.1,854,31
723,tt1605783,Midnight in Paris,2011,7.7,7.4,7.1,7.6,855,132
592,tt1149362,The White Ribbon,2009,7.8,7.6,7.1,8,856,264
912,tt0383028,"Synecdoche, New York",2008,7.6,7.4,7.1,7.8,857,-55
219,tt1280558,A Wednesday,2008,8.1,7.7,7.1,8.3,858,639
220,tt1205489,Gran Torino,2008,8.1,7.3,7.1,7.6,859,639
353,tt0401792,Sin City,2005,8,7.3,7.1,7.5,860,507
877,tt1250777,Kick-Ass,2010,7.6,7.2,7,7.5,861,-16
724,tt1517451,A Star Is Born,2018,7.7,7.2,7,7.3,862,138
743,tt0470752,Ex Machina,2014,7.7,7.2,7,7.4,863,120
883,tt1063669,The Wave,2008,7.6,7.5,7,7.9,864,-19
636,tt0120338,Titanic,1997,7.8,7.2,7,7.3,865,229
932,tt0181689,Minority Report,2002,7.6,7.2,7,7.4,866,-66
764,tt0315733,21 Grams,2003,7.7,7.3,7,7.6,867,103
846,tt6543652,Cold War,2018,7.6,7.3,7,7.7,868,22
783,tt0120601,Being John Malkovich,1999,7.7,7.3,7,7.6,869,86
850,tt5461944,Hotel Mumbai,2018,7.6,7.4,7,7.8,870,20
327,tt2084970,The Imitation Game,2014,8,7.2,7,7.5,871,544
835,tt0054167,Peeping Tom,1960,7.7,7.4,7,7.8,872,37
639,tt0119174,The Game,1997,7.8,7.3,7,7.6,873,234
22,tt0816692,Interstellar,2014,8.6,7.1,7,7.2,874,852
374,tt0175880,Magnolia,1999,8,7.2,7,7.5,875,501
603,tt0765429,American Gangster,2007,7.8,7.3,7,7.5,876,273
645,tt0107653,Naked,1993,7.8,7.6,7,8.1,877,232
499,tt0166924,Mulholland Dr.,2001,7.9,7.1,6.9,7.3,878,379
885,tt0983213,5 Centimeters Per Second,2007,7.6,7.5,6.9,8.1,879,-6
604,tt0499549,Avatar,2009,7.8,7.1,6.9,7.2,880,276
891,tt0814314,Seven Pounds,2008,7.6,7.2,6.9,7.5,881,-10
929,tt0221027,Blow,2001,7.6,7.2,6.9,7.6,882,-47
566,tt3748528,Rogue One: A Star Wars Story,2016,7.8,7,6.9,7.2,883,317
858,tt3397884,Sicario,2015,7.6,7.1,6.9,7.4,884,26
732,tt1045658,Silver Linings Playbook,2012,7.7,7.2,6.9,7.4,885,153
870,tt1542344,127 Hours,2010,7.6,7.2,6.9,7.5,886,16
601,tt0783233,Atonement,2007,7.8,7.1,6.9,7.4,887,286
430,tt0052311,Touch of Evil,1958,8,7.4,6.9,7.8,888,458
747,tt0425210,Lucky Number Slevin,2006,7.7,7.2,6.9,7.4,889,142
193,tt8946378,Knives Out,2019,8.1,7.1,6.9,7.3,890,697
572,tt2358891,The Great Beauty,2013,7.8,7.4,6.9,7.9,891,319
222,tt1130884,Shutter Island,2010,8.1,7.1,6.9,7.3,892,670
931,tt0181865,Traffic,2000,7.6,7.1,6.8,7.3,893,-38
897,tt0452623,Gone Baby Gone,2007,7.6,7.1,6.8,7.4,894,-3
914,tt0364517,Love Me If You Dare,2003,7.6,7.5,6.8,8.2,895,-19
331,tt1798709,Her,2013,8,7,6.8,7.3,896,565
358,tt0381061,Casino Royale,2006,8,6.9,6.8,7.1,897,539
741,tt0758742,Death Note,2006,7.7,7.4,6.8,7.9,898,157
860,tt2802154,Leviathan,2014,7.6,7.3,6.8,7.8,899,39
855,tt3890160,Baby Driver,2017,7.6,7,6.8,7.2,900,45
730,tt1119646,The Hangover,2009,7.7,7.1,6.8,7.3,901,171
463,tt1979376,Toy Story 4,2019,7.9,7,6.8,7.2,902,439
480,tt0756683,The Man from Earth,2007,7.9,7.1,6.8,7.3,903,423
608,tt0432283,Fantastic Mr. Fox,2009,7.8,7.2,6.8,7.6,904,296
967,tt0087469,Indiana Jones and the Temple of Doom,1984,7.6,7.1,6.8,7.3,905,-62
355,tt0384116,G.O.R.A.,2004,8,7.6,6.8,8.3,906,551
318,tt3659388,The Martian,2015,8,6.9,6.7,7.1,907,589
344,tt1010048,Slumdog Millionaire,2008,8,6.9,6.7,7.1,908,564
922,tt0289043,28 Days Later...,2002,7.6,6.9,6.7,7.1,909,-13
925,tt0265666,The Royal Tenenbaums,2001,7.6,7,6.7,7.2,910,-15
759,tt0330373,Harry Potter and the Goblet of Fire,2005,7.7,6.9,6.7,7,911,152
613,tt0414387,Pride & Prejudice,2005,7.8,6.9,6.7,7.2,912,299
370,tt0276919,Dogville,2003,8,7.1,6.7,7.4,913,543
938,tt0120669,Fear and Loathing in Las Vegas,1998,7.6,7.1,6.7,7.5,914,-24
779,tt0147612,Happiness,1998,7.7,7.1,6.7,7.5,915,136
709,tt3606756,Incredibles 2,2018,7.7,6.9,6.7,7.1,916,207
867,tt1855199,End of Watch,2012,7.6,7,6.7,7.4,917,50
684,tt0061578,The Dirty Dozen,1967,7.8,7.2,6.7,7.6,918,234
98,tt0116231,The Bandit,1996,8.3,7.6,6.7,8.5,919,821
65,tt1853728,Django Unchained,2012,8.4,6.9,6.7,7.1,920,855
713,tt2802144,Kingsman: The Secret Service,2014,7.7,6.8,6.6,7,921,208
735,tt0926084,Harry Potter and the Deathly Hallows: Part 1,2010,7.7,6.8,6.6,7.1,922,187
702,tt5463162,Deadpool 2,2018,7.7,6.8,6.6,7,923,221
881,tt1156398,Zombieland,2009,7.6,6.9,6.6,7.1,924,43
920,tt0289992,The Life of David Gale,2003,7.6,6.9,6.6,7.3,925,5
194,tt7653254,Marriage Story,2019,8.1,6.9,6.6,7.1,926,732
917,tt0314331,"Love, Actually",2003,7.6,6.9,6.6,7.1,927,10
880,tt1189073,The Skin I Live In,2011,7.6,7.1,6.6,7.6,928,48
228,tt0758758,Into the Wild,2007,8.1,6.9,6.6,7.2,929,701
229,tt0477348,No Country for Old Men,2007,8.1,6.7,6.6,6.9,930,701
489,tt0327056,Mystic River,2003,7.9,6.9,6.6,7.1,931,442
853,tt3966404,Mustang,2015,7.6,7.2,6.6,7.7,932,79
598,tt0903624,The Hobbit: An Unexpected Journey,2012,7.8,6.8,6.6,7,933,335
689,tt0055032,Jules and Jim,1962,7.8,7.2,6.6,7.8,934,245
610,tt0421715,The Curious Case of Benjamin Button,2008,7.8,6.8,6.5,7,935,325
935,tt0120863,The Thin Red Line,1998,7.6,6.7,6.5,6.9,936,1
490,tt0304141,Harry Potter and the Prisoner of Azkaban,2004,7.9,6.7,6.5,7,937,447
586,tt1568346,The Girl with the Dragon Tattoo,2011,7.8,6.7,6.5,7,938,352
753,tt0381849,3:10 to Yuma,2007,7.7,6.7,6.5,7,939,186
794,tt0108122,Short Cuts,1993,7.7,7.3,6.5,7.9,940,146
149,tt0469494,There Will Be Blood,2007,8.2,6.7,6.5,6.9,941,792
333,tt1663202,The Revenant,2015,8,6.5,6.4,6.7,942,609
989,tt0057345,Contempt,1963,7.6,7,6.4,7.5,943,-46
497,tt0206634,Children of Men,2006,7.9,6.6,6.4,6.8,944,447
849,tt5462602,The Big Sick,2017,7.6,6.8,6.4,7.2,945,96
733,tt1024648,Argo,2012,7.7,6.6,6.4,6.9,946,213
704,tt5052448,Get Out,2017,7.7,6.6,6.4,6.7,947,243
986,tt0060176,Blow-Up,1966,7.6,6.8,6.4,7.3,948,-38
933,tt0174856,The Hurricane,1999,7.6,7.1,6.4,7.7,949,16
930,tt0215750,Enemy at the Gates,2001,7.6,6.8,6.4,7.1,950,20
602,tt0780504,Drive,2011,7.8,6.6,6.4,6.8,951,349
998,tt0217505,Gangs of New York,2002,7.5,6.7,6.4,6.9,952,-46
237,tt0266697,Kill Bill: Vol. 1,2003,8.1,6.6,6.3,6.8,953,716
725,tt1454468,Gravity,2013,7.7,6.5,6.3,6.6,954,229
340,tt1302006,The Irishman,2019,8,6.5,6.3,6.6,955,615
958,tt0099674,The Godfather: Part III,1990,7.6,6.6,6.3,7,956,-2
909,tt0409459,Watchmen,2009,7.6,6.5,6.3,6.7,957,48
556,tt7984734,The Lighthouse,2019,7.8,6.5,6.2,6.8,958,402
131,tt5027774,"Three Billboards Outside Ebbing, Missouri",2017,8.2,6.4,6.2,6.6,959,828
758,tt0335266,Lost in Translation,2003,7.7,6.5,6.2,6.7,960,202
345,tt0947798,Black Swan,2010,8,6.5,6.2,6.7,961,616
316,tt3783958,La La Land,2016,8,6.4,6.2,6.6,962,646
726,tt1408101,Star Trek Into Darkness,2013,7.7,6.3,6.1,6.5,963,237
911,tt0387564,Saw,2004,7.6,6.3,6.1,6.6,964,53
218,tt1392190,Mad Max: Fury Road,2015,8.1,6.3,6.1,6.4,965,747
884,tt0988045,Sherlock Holmes,2009,7.6,6.3,6,6.5,966,82
978,tt0077928,Midnight Express,1978,7.6,6.5,6,7.1,967,-11
987,tt0059592,Pierrot le Fou,1965,7.6,6.9,6,7.8,968,-19
458,tt3501632,Thor: Ragnarok,2017,7.9,6,5.8,6.2,969,511
557,tt7131622,Once Upon a Time... in Hollywood,2019,7.8,5.9,5.8,6,970,413
535,tt0053472,Breathless,1960,7.9,6.4,5.8,6.9,971,436
908,tt0416320,Match Point,2005,7.6,6,5.8,6.3,972,64
848,tt5649144,The Florida Project,2017,7.6,6.2,5.8,6.5,973,125
568,tt3460252,The Hateful Eight,2015,7.8,6,5.8,6.2,974,406
890,tt0829482,Superbad,2007,7.6,6.2,5.8,6.5,975,85
907,tt0416449,300,2006,7.6,6,5.8,6.2,976,69
476,tt1065073,Boyhood,2014,7.9,6,5.7,6.2,977,501
90,tt0361748,Inglourious Basterds,2009,8.3,5.9,5.7,6.1,978,888
478,tt0796366,Star Trek,2009,7.9,5.9,5.7,6.1,979,501
205,tt2267998,Gone Girl,2014,8.1,5.9,5.7,6.1,980,775
861,tt2713180,Fury,2014,7.6,6,5.7,6.2,981,120
147,tt0993846,The Wolf of Wall Street,2013,8.2,5.9,5.7,6.1,982,835
731,tt1074638,Skyfall,2012,7.7,5.7,5.6,5.9,983,252
701,tt6155172,Roma,2018,7.7,5.8,5.6,6,984,283
617,tt0375679,Crash,2004,7.8,5.8,5.6,6,985,368
591,tt1170358,The Hobbit: The Desolation of Smaug,2013,7.8,5.7,5.5,5.9,986,395
716,tt2562232,Birdman or (The Unexpected Virtue of Ignorance),2014,7.7,5.8,5.5,6,987,271
939,tt0119167,Funny Games,1997,7.6,6,5.5,6.5,988,49
460,tt2543164,Arrival,2016,7.9,5.7,5.5,5.9,989,529
462,tt2209418,Before Midnight,2013,7.9,5.9,5.4,6.4,990,528
330,tt1856101,Blade Runner 2049,2017,8,5.6,5.4,5.7,991,661
887,tt0887912,The Hurt Locker,2008,7.6,5.6,5.3,5.8,992,105
631,tt0144117,The Boondock Saints,1999,7.8,5.5,5.2,5.9,993,362
906,tt0417741,Harry Potter and the Half-Blood Prince,2009,7.6,5.4,5.2,5.6,994,88
455,tt5013056,Dunkirk,2017,7.9,5.4,5.2,5.6,995,540
851,tt5083738,The Favourite,2018,7.6,5.4,5.1,5.6,996,145
312,tt5727208,Uncut Gems,2019,8,5.1,4.8,5.4,997,685
564,tt4034228,Manchester by the Sea,2016,7.8,5,4.7,5.3,998,434
461,tt2488496,Star Wars: Episode VII - The Force Awakens,2015,7.9,4.3,4.2,4.4,999,538
